Protocollo;Gruppo;DataOraIncidente;Localizzazione1;STRADA1;Localizzazione2;STRADA2;Strada02;Chilometrica;DaSpecificare;NaturaIncidente;particolaritastrade;TipoStrada;FondoStradale;Pavimentazione;Segnaletica;CondizioneAtmosferica;Traffico;Visibilita;Illuminazione;NUM_FERITI;NUM_RISERVATA;NUM_MORTI;NUM_ILLESI;Longitudine;Latitudine;Confermato;Progressivo;TipoVeicolo;StatoVeicolo;TipoPersona;Sesso;Tipolesione;Deceduto;DecedutoDopo;CinturaCascoUtilizzato;Airbag
2769487;4;09/04/2016 17:30;Provinciale entro l'abitato;VIA NOMENTANA;da specificare;;;;altezza rampa uscita Tangenziale Est;Scontro frontale/laterale SX fra veicoli in marcia;Rettilineo;Due carreggiate;Asciutto;Asfaltata;Verticale ed orizzontale;Nuvoloso;Normale;Buona;Ore Diurne;0;0;0;7;12,55238;41,94111;-1;2;Autovettura privata;In marcia / fermata / arresto;Passeggero;F;Illeso;0;;;
2769487;4;09/04/2016 17:30;Provinciale entro l'abitato;VIA NOMENTANA;da specificare;;;;altezza rampa uscita Tangenziale Est;Scontro frontale/laterale SX fra veicoli in marcia;Rettilineo;Due carreggiate;Asciutto;Asfaltata;Verticale ed orizzontale;Nuvoloso;Normale;Buona;Ore Diurne;0;0;0;7;12,55238;41,94111;-1;2;Autovettura privata;In marcia / fermata / arresto;Passeggero;F;Illeso;0;;;
2769509;17;10/04/2016 15:20;Strada Urbana;VIA VIRGINIO ORSINI;da specificare;;;;in corrispondenza V. DEGLI SCIPIONI;Scontro frontale/laterale DX fra veicoli in marcia;Rettilineo;Una carreggiata a senso unico di marcia;Asciutto;Asfaltata;Verticale ed orizzontale;Sereno;Scarso;Buona;Ore Diurne;1;0;0;1;12,46908;41,91127;-1;1;Motociclo a solo;In marcia / fermata / arresto;Conducente;M;Rimandato;0;NON DECEDUTO;Non accertato;
2769509;17;10/04/2016 15:20;Strada Urbana;VIA VIRGINIO ORSINI;da specificare;;;;in corrispondenza V. DEGLI SCIPIONI;Scontro frontale/laterale DX fra veicoli in marcia;Rettilineo;Una carreggiata a senso unico di marcia;Asciutto;Asfaltata;Verticale ed orizzontale;Sereno;Scarso;Buona;Ore Diurne;1;0;0;1;12,46908;41,91127;-1;2;Autovettura pubblica;In marcia / fermata / arresto;Conducente;M;Illeso;0;;Non accertato;Inesploso
2769518;16;10/04/2016 19:45;Strada Urbana;VIA DI DONNA OLIMPIA;all'intersezione con;VIA GIUSEPPE CELANI;VIA GIUSEPPE CELANI;;;Infortunio per caduta del veicolo;Intersezione stradale segnalata;Una carreggiata a doppio senso;Asciutto;Asfaltata;Verticale ed orizzontale;Sereno;Normale;Buona;Sufficiente;2;0;0;0;12,45339;41,87684;-1;1;Motociclo a solo;In marcia / fermata / arresto;Conducente;M;Rimandato;0;NON DECEDUTO;;
2769518;16;10/04/2016 19:45;Strada Urbana;VIA DI DONNA OLIMPIA;all'intersezione con;VIA GIUSEPPE CELANI;VIA GIUSEPPE CELANI;;;Infortunio per caduta del veicolo;Intersezione stradale segnalata;Una carreggiata a doppio senso;Asciutto;Asfaltata;Verticale ed orizzontale;Sereno;Normale;Buona;Sufficiente;2;0;0;0;12,45339;41,87684;-1;1;Motociclo a solo;In marcia / fermata / arresto;Passeggero;F;Rimandato;0;NON DECEDUTO;Non accertato;
2769519;12;08/04/2016 19:30;Strada Urbana;VIALE DELLA CIVILTA' DEL LAVORO;in corrispondenza;;del civico n.;8;;Scontro frontale/laterale SX fra veicoli in marcia;Rettilineo;Una carreggiata a senso unico di marcia;Asciutto;Asfaltata;Verticale ed orizzontale;Nuvoloso;Normale;Buona;Ore Diurne;0;0;0;2;12,46658;41,83623;-1;1;Autovettura privata;In marcia / fermata / arresto;Conducente;M;Illeso;0;;Non accertato;Inesploso
2769519;12;08/04/2016 19:30;Strada Urbana;VIALE DELLA CIVILTA' DEL LAVORO;in corrispondenza;;del civico n.;8;;Scontro frontale/laterale SX fra veicoli in marcia;Rettilineo;Una carreggiata a senso unico di marcia;Asciutto;Asfaltata;Verticale ed orizzontale;Nuvoloso;Normale;Buona;Ore Diurne;0;0;0;2;12,46658;41,83623;-1;2;Autovettura privata;In marcia / fermata / arresto;Conducente;M;Illeso;0;;Non accertato;Inesploso
2769541;12;09/04/2016 02:50;Strada Urbana;VIA DELLE CONCE;all'intersezione con;VIA DEL PORTO FLUVIALE;VIA DEL PORTO FLUVIALE;;;Scontro frontale/laterale SX fra veicoli in marcia;Intersezione semaforizzata;Una carreggiata a doppio senso;Asciutto;Asfaltata;Verticale ed orizzontale;Sereno;Normale;Sufficiente;Sufficiente;1;0;0;3;12,47875;41,87238;-1;1;Autovettura privata;In marcia / fermata / arresto;Conducente;M;Illeso;0;;Non accertato;Inesploso
2769541;12;09/04/2016 02:50;Strada Urbana;VIA DELLE CONCE;all'intersezione con;VIA DEL PORTO FLUVIALE;VIA DEL PORTO FLUVIALE;;;Scontro frontale/laterale SX fra veicoli in marcia;Intersezione semaforizzata;Una carreggiata a doppio senso;Asciutto;Asfaltata;Verticale ed orizzontale;Sereno;Normale;Sufficiente;Sufficiente;1;0;0;3;12,47875;41,87238;-1;1;Autovettura privata;In marcia / fermata / arresto;Passeggero;M;Illeso;0;;Non accertato;Inesploso
2769541;12;09/04/2016 02:50;Strada Urbana;VIA DELLE CONCE;all'intersezione con;VIA DEL PORTO FLUVIALE;VIA DEL PORTO FLUVIALE;;;Scontro frontale/laterale SX fra veicoli in marcia;Intersezione semaforizzata;Una carreggiata a doppio senso;Asciutto;Asfaltata;Verticale ed orizzontale;Sereno;Normale;Sufficiente;Sufficiente;1;0;0;3;12,47875;41,87238;-1;2;Autovettura privata;In marcia / fermata / arresto;Conducente;M;Illeso;0;;Non accertato;Inesploso
2769541;12;09/04/2016 02:50;Strada Urbana;VIA DELLE CONCE;all'intersezione con;VIA DEL PORTO FLUVIALE;VIA DEL PORTO FLUVIALE;;;Scontro frontale/laterale SX fra veicoli in marcia;Intersezione semaforizzata;Una carreggiata a doppio senso;Asciutto;Asfaltata;Verticale ed orizzontale;Sereno;Normale;Sufficiente;Sufficiente;1;0;0;3;12,47875;41,87238;-1;2;Autovettura privata;In marcia / fermata / arresto;Passeggero;F;Rimandato;0;NON DECEDUTO;Non accertato;Inesploso
2769547;17;08/04/2016 16:25;Strada Urbana;VIALE DELLE MILIZIE;all'intersezione con;VIA CARLO ALBERTO DALLA CHIESA;VIA CARLO ALBERTO DALLA CHIESA;;;Tamponamento;Intersezione semaforizzata;Più di due carreggiate;Asciutto;Asfaltata;Verticale ed orizzontale;Nuvoloso;Normale;Buona;Ore Diurne;0;0;0;3;12,46103;41,9118;-1;1;Autovettura privata;In marcia / fermata / arresto;Conducente;F;Illeso;0;;Non accertato;Inesploso
2769547;17;08/04/2016 16:25;Strada Urbana;VIALE DELLE MILIZIE;all'intersezione con;VIA CARLO ALBERTO DALLA CHIESA;VIA CARLO ALBERTO DALLA CHIESA;;;Tamponamento;Intersezione semaforizzata;Più di due carreggiate;Asciutto;Asfaltata;Verticale ed orizzontale;Nuvoloso;Normale;Buona;Ore Diurne;0;0;0;3;12,46103;41,9118;-1;1;Autovettura privata;In marcia / fermata / arresto;Passeggero;F;Illeso;0;;Non accertato;Inesploso
2769547;17;08/04/2016 16:25;Strada Urbana;VIALE DELLE MILIZIE;all'intersezione con;VIA CARLO ALBERTO DALLA CHIESA;VIA CARLO ALBERTO DALLA CHIESA;;;Tamponamento;Intersezione semaforizzata;Più di due carreggiate;Asciutto;Asfaltata;Verticale ed orizzontale;Nuvoloso;Normale;Buona;Ore Diurne;0;0;0;3;12,46103;41,9118;-1;2;Autovettura privata;In marcia / fermata / arresto;Conducente;F;Illeso;0;;Non accertato;Inesploso
2769565;12;09/04/2016 21:00;Strada Urbana;VIALE DELL'OCEANO INDIANO;all'intersezione con;VIA PRAGA;VIA PRAGA;;;Scontro frontale fra veicoli in marcia;Incrocio;Una carreggiata a doppio senso;Asciutto;Asfaltata;Verticale ed orizzontale;Nuvoloso;Normale;Sufficiente;Sufficiente;2;0;0;1;12,4486;41,82464;-1;1;Autovettura privata;In marcia / fermata / arresto;Conducente;F;Illeso;0;;Non accertato;Esploso
2769565;12;09/04/2016 21:00;Strada Urbana;VIALE DELL'OCEANO INDIANO;all'intersezione con;VIA PRAGA;VIA PRAGA;;;Scontro frontale fra veicoli in marcia;Incrocio;Una carreggiata a doppio senso;Asciutto;Asfaltata;Verticale ed orizzontale;Nuvoloso;Normale;Sufficiente;Sufficiente;2;0;0;1;12,4486;41,82464;-1;2;Motociclo a solo;In marcia / fermata / arresto;Conducente;M;Rimandato;0;NON DECEDUTO;Utilizzato;
2769565;12;09/04/2016 21:00;Strada Urbana;VIALE DELL'OCEANO INDIANO;all'intersezione con;VIA PRAGA;VIA PRAGA;;;Scontro frontale fra veicoli in marcia;Incrocio;Una carreggiata a doppio senso;Asciutto;Asfaltata;Verticale ed orizzontale;Nuvoloso;Normale;Sufficiente;Sufficiente;2;0;0;1;12,4486;41,82464;-1;2;Motociclo a solo;In marcia / fermata / arresto;Passeggero;F;Rimandato;0;NON DECEDUTO;Utilizzato;
2769572;17;08/04/2016 10:50;Strada Urbana;PONTE VITTORIO EMANUELE II;all'intersezione semaforizzata con;LUNGOTEVERE IN SASSIA;LUNGOTEVERE IN SASSIA;;;Scontro laterale fra veicoli in marcia;Intersezione semaforizzata;Una carreggiata a senso unico di marcia;Asciutto;Asfaltata;Verticale ed orizzontale;Nuvoloso;Normale;Buona;Ore Diurne;1;0;0;1;12,46485;41,90075;-1;1;Autovettura di polizia;In marcia / fermata / arresto;Conducente;M;Illeso;0;;Non accertato;Inesploso
2769572;17;08/04/2016 10:50;Strada Urbana;PONTE VITTORIO EMANUELE II;all'intersezione semaforizzata con;LUNGOTEVERE IN SASSIA;LUNGOTEVERE IN SASSIA;;;Scontro laterale fra veicoli in marcia;Intersezione semaforizzata;Una carreggiata a senso unico di marcia;Asciutto;Asfaltata;Verticale ed orizzontale;Nuvoloso;Normale;Buona;Ore Diurne;1;0;0;1;12,46485;41,90075;-1;2;Motociclo a solo;In marcia / fermata / arresto;Conducente;M;Rimandato;0;NON DECEDUTO;Non accertato;
2769587;4;09/04/2016 19:30;Strada Urbana;VIA SAN LEO;da specificare;;;;altezza stazione Fidene;Tamponamento;Curva a visuale libera;Una carreggiata a doppio senso;Asciutto;Asfaltata;Verticale ed orizzontale;Nuvoloso;Normale;Buona;Sufficiente;0;0;0;2;12,51148;41,98027;-1;1;Autovettura privata;In marcia / fermata / arresto;Conducente;F;Illeso;0;;Non accertato;Inesploso
2769587;4;09/04/2016 19:30;Strada Urbana;VIA SAN LEO;da specificare;;;;altezza stazione Fidene;Tamponamento;Curva a visuale libera;Una carreggiata a doppio senso;Asciutto;Asfaltata;Verticale ed orizzontale;Nuvoloso;Normale;Buona;Sufficiente;0;0;0;2;12,51148;41,98027;-1;2;Autovettura privata;In marcia / fermata / arresto;Conducente;F;Illeso;0;;Non accertato;Inesploso
2769597;17;08/04/2016 10:15;Strada Urbana;VIA MARIO AMATO;da specificare;;;;prossimità fronte civ. 13;Scontro laterale fra veicoli in marcia;Rettilineo;Una carreggiata a senso unico di marcia;Asciutto;Asfaltata;Orizzontale;Nuvoloso;Normale;Buona;Ore Diurne;0;0;0;3;12,45141;41,91512;-1;1;Autovettura privata;In marcia / fermata / arresto;Conducente;F;Illeso;0;;Non accertato;Inesploso
2769597;17;08/04/2016 10:15;Strada Urbana;VIA MARIO AMATO;da specificare;;;;prossimità fronte civ. 13;Scontro laterale fra veicoli in marcia;Rettilineo;Una carreggiata a senso unico di marcia;Asciutto;Asfaltata;Orizzontale;Nuvoloso;Normale;Buona;Ore Diurne;0;0;0;3;12,45141;41,91512;-1;2;Autovettura privata;In marcia / fermata / arresto;Conducente;M;Illeso;0;;Non accertato;Inesploso
2769597;17;08/04/2016 10:15;Strada Urbana;VIA MARIO AMATO;da specificare;;;;prossimità fronte civ. 13;Scontro laterale fra veicoli in marcia;Rettilineo;Una carreggiata a senso unico di marcia;Asciutto;Asfaltata;Orizzontale;Nuvoloso;Normale;Buona;Ore Diurne;0;0;0;3;12,45141;41,91512;-1;2;Autovettura privata;In marcia / fermata / arresto;Passeggero;F;Illeso;0;;Non accertato;Inesploso
2769602;4;09/04/2016 10:35;Strada Urbana;VIA UGO OJETTI;in corrispondenza;;del civico n.;41;;Veicolo in marcia contro veicolo in sosta;Rettilineo;Due carreggiate;Asciutto;Asfaltata;Verticale ed orizzontale;Nuvoloso;Normale;Sufficiente;Ore Diurne;0;0;0;1;12,54925;41,94424;-1;2;Autovettura privata;In marcia / fermata / arresto;Conducente;M;Illeso;0;;Non accertato;Inesploso
2769617;4;10/04/2016 10:00;Provinciale entro l'abitato;VIA NOMENTANA;in corrispondenza;;del civico n.;938;;Scontro frontale/laterale SX fra veicoli in marcia;Rettilineo;Una carreggiata a doppio senso;Asciutto;Asfaltata;Orizzontale;Sereno;Normale;Buona;Ore Diurne;0;0;0;2;12,55989;41,94413;-1;1;Autovettura privata;In marcia / fermata / arresto;Conducente;M;Illeso;0;;Non accertato;Inesistente
2769617;4;10/04/2016 10:00;Provinciale entro l'abitato;VIA NOMENTANA;in corrispondenza;;del civico n.;938;;Scontro frontale/laterale SX fra veicoli in marcia;Rettilineo;Una carreggiata a doppio senso;Asciutto;Asfaltata;Orizzontale;Sereno;Normale;Buona;Ore Diurne;0;0;0;2;12,55989;41,94413;-1;2;Autovettura privata;In marcia / fermata / arresto;Conducente;M;Illeso;0;;Non accertato;Inesploso
2769644;4;10/04/2016 16:05;Strada Urbana;PIAZZA OTTAVIANO VIMERCATI;all'intersezione con;VIA ALESSANDRO FORTIS;VIA ALESSANDRO FORTIS;;;Scontro laterale fra veicoli in marcia;Incrocio;Due carreggiate;Asciutto;Asfaltata;Verticale ed orizzontale;Sereno;Scarso;Buona;Ore Diurne;0;0;0;2;12,52455;41,95903;-1;1;Autovettura privata;In marcia / fermata / arresto;Conducente;M;Illeso;0;;;
2769644;4;10/04/2016 16:05;Strada Urbana;PIAZZA OTTAVIANO VIMERCATI;all'intersezione con;VIA ALESSANDRO FORTIS;VIA ALESSANDRO FORTIS;;;Scontro laterale fra veicoli in marcia;Incrocio;Due carreggiate;Asciutto;Asfaltata;Verticale ed orizzontale;Sereno;Scarso;Buona;Ore Diurne;0;0;0;2;12,52455;41,95903;-1;2;Autovettura privata;In marcia / fermata / arresto;Conducente;M;Illeso;0;;;
2769645;17;08/04/2016 18:55;Strada Urbana;VIA DEI PENITENZIERI;in prossimità;;del civico n.;18;;Scontro laterale fra veicoli in marcia;Rettilineo;Una carreggiata a senso unico di marcia;Asciutto;In cubetti di porfido;Verticale ed orizzontale;Nuvoloso;Scarso;Buona;Sufficiente;0;0;0;7;12,46122;41,9007;-1;1;Autovettura privata;In marcia / fermata / arresto;Conducente;F;Illeso;0;;Non accertato;Inesploso
2769645;17;08/04/2016 18:55;Strada Urbana;VIA DEI PENITENZIERI;in prossimità;;del civico n.;18;;Scontro laterale fra veicoli in marcia;Rettilineo;Una carreggiata a senso unico di marcia;Asciutto;In cubetti di porfido;Verticale ed orizzontale;Nuvoloso;Scarso;Buona;Sufficiente;0;0;0;7;12,46122;41,9007;-1;1;Autovettura privata;In marcia / fermata / arresto;Passeggero;F;Illeso;0;;Non accertato;Inesploso
2769645;17;08/04/2016 18:55;Strada Urbana;VIA DEI PENITENZIERI;in prossimità;;del civico n.;18;;Scontro laterale fra veicoli in marcia;Rettilineo;Una carreggiata a senso unico di marcia;Asciutto;In cubetti di porfido;Verticale ed orizzontale;Nuvoloso;Scarso;Buona;Sufficiente;0;0;0;7;12,46122;41,9007;-1;1;Autovettura privata;In marcia / fermata / arresto;Passeggero;F;Illeso;0;;Non accertato;Inesploso
2769645;17;08/04/2016 18:55;Strada Urbana;VIA DEI PENITENZIERI;in prossimità;;del civico n.;18;;Scontro laterale fra veicoli in marcia;Rettilineo;Una carreggiata a senso unico di marcia;Asciutto;In cubetti di porfido;Verticale ed orizzontale;Nuvoloso;Scarso;Buona;Sufficiente;0;0;0;7;12,46122;41,9007;-1;2;Autovettura privata;In marcia / fermata / arresto;Conducente;M;Illeso;0;;Non accertato;Inesploso
2769645;17;08/04/2016 18:55;Strada Urbana;VIA DEI PENITENZIERI;in prossimità;;del civico n.;18;;Scontro laterale fra veicoli in marcia;Rettilineo;Una carreggiata a senso unico di marcia;Asciutto;In cubetti di porfido;Verticale ed orizzontale;Nuvoloso;Scarso;Buona;Sufficiente;0;0;0;7;12,46122;41,9007;-1;2;Autovettura privata;In marcia / fermata / arresto;Passeggero;F;Illeso;0;;Non accertato;Inesploso
2769645;17;08/04/2016 18:55;Strada Urbana;VIA DEI PENITENZIERI;in prossimità;;del civico n.;18;;Scontro laterale fra veicoli in marcia;Rettilineo;Una carreggiata a senso unico di marcia;Asciutto;In cubetti di porfido;Verticale ed orizzontale;Nuvoloso;Scarso;Buona;Sufficiente;0;0;0;7;12,46122;41,9007;-1;2;Autovettura privata;In marcia / fermata / arresto;Passeggero;M;Illeso;0;;Non accertato;Inesploso
2769645;17;08/04/2016 18:55;Strada Urbana;VIA DEI PENITENZIERI;in prossimità;;del civico n.;18;;Scontro laterale fra veicoli in marcia;Rettilineo;Una carreggiata a senso unico di marcia;Asciutto;In cubetti di porfido;Verticale ed orizzontale;Nuvoloso;Scarso;Buona;Sufficiente;0;0;0;7;12,46122;41,9007;-1;2;Autovettura privata;In marcia / fermata / arresto;Passeggero;M;Illeso;0;;Non accertato;Inesploso
2769654;4;10/04/2016 17:30;Strada Urbana;VIA DI VALLE MELAINA;all'intersezione semaforizzata con;VIA GIOVANNI FALDELLA;VIA GIOVANNI FALDELLA;;;Investimento di pedone;Incrocio;Due carreggiate;Asciutto;Asfaltata;Verticale ed orizzontale;Sereno;Scarso;Buona;Ore Diurne;1;0;0;1;12,52577;41,94888;-1;;;;Pedone;F;Rimandato;0;NON DECEDUTO;;
2769654;4;10/04/2016 17:30;Strada Urbana;VIA DI VALLE MELAINA;all'intersezione semaforizzata con;VIA GIOVANNI FALDELLA;VIA GIOVANNI FALDELLA;;;Investimento di pedone;Incrocio;Due carreggiate;Asciutto;Asfaltata;Verticale ed orizzontale;Sereno;Scarso;Buona;Ore Diurne;1;0;0;1;12,52577;41,94888;-1;1;Autovettura privata;In marcia / fermata / arresto;Conducente;M;Illeso;0;;;
2769658;12;09/04/2016 18:00;Strada Urbana;PIAZZA GUGLIELMO MARCONI;da specificare;;;;altezza obelisco lato VIA LISZT;Scontro laterale fra veicoli in marcia;Rotatoria;Più di due carreggiate;Asciutto;Asfaltata;Verticale ed orizzontale;Sereno;Intenso;Buona;Sufficiente;0;0;0;3;12,4704;41,83346;-1;1;Autovettura privata;In marcia / fermata / arresto;Conducente;F;Illeso;0;;Utilizzato;Inesploso
2769658;12;09/04/2016 18:00;Strada Urbana;PIAZZA GUGLIELMO MARCONI;da specificare;;;;altezza obelisco lato VIA LISZT;Scontro laterale fra veicoli in marcia;Rotatoria;Più di due carreggiate;Asciutto;Asfaltata;Verticale ed orizzontale;Sereno;Intenso;Buona;Sufficiente;0;0;0;3;12,4704;41,83346;-1;2;Autovettura privata;In marcia / fermata / arresto;Conducente;F;Illeso;0;;Non accertato;Inesploso
2769658;12;09/04/2016 18:00;Strada Urbana;PIAZZA GUGLIELMO MARCONI;da specificare;;;;altezza obelisco lato VIA LISZT;Scontro laterale fra veicoli in marcia;Rotatoria;Più di due carreggiate;Asciutto;Asfaltata;Verticale ed orizzontale;Sereno;Intenso;Buona;Sufficiente;0;0;0;3;12,4704;41,83346;-1;2;Autovettura privata;In marcia / fermata / arresto;Passeggero;M;Illeso;0;;Utilizzato;Inesploso
2769663;8;11/04/2016 14:15;Strada Urbana;VIA DEL FOSSO SCILICINO;in prossimità;;del civico n.;57;;Veicolo in marcia contro ostacolo accidentale;Rettilineo;Una carreggiata a doppio senso;Asciutto;Asfaltata;Verticale ed orizzontale;Sereno;Normale;Buona;Ore Diurne;0;0;0;1;12,67857;41,90139;-1;1;Autovettura privata;In marcia / fermata / arresto;Conducente;M;Illeso;0;;Non accertato;Inesploso
2769674;18;11/04/2016 09:30;Strada Urbana;VIA CORNELIA;all'intersezione con;VIA ALESSANDRO NERONI;VIA ALESSANDRO NERONI;;;Scontro frontale/laterale SX fra veicoli in marcia;Intersezione stradale segnalata;Una carreggiata a doppio senso;Asciutto;Asfaltata;Verticale ed orizzontale;Sereno;Normale;Buona;Ore Diurne;1;0;0;1;12,38987;41,90062;-1;1;Autovettura privata;In marcia / fermata / arresto;Conducente;M;Illeso;0;;;
2769674;18;11/04/2016 09:30;Strada Urbana;VIA CORNELIA;all'intersezione con;VIA ALESSANDRO NERONI;VIA ALESSANDRO NERONI;;;Scontro frontale/laterale SX fra veicoli in marcia;Intersezione stradale segnalata;Una carreggiata a doppio senso;Asciutto;Asfaltata;Verticale ed orizzontale;Sereno;Normale;Buona;Ore Diurne;1;0;0;1;12,38987;41,90062;-1;2;Autovettura privata;In marcia / fermata / arresto;Conducente;F;Rimandato;0;NON DECEDUTO;;
2769677;18;11/04/2016 10:00;Strada Urbana;VIA PIETRO MARIA GIAVINA;in prossimità;;del civico n.;16;;Scontro frontale/laterale SX fra veicoli in marcia;Rettilineo;Una carreggiata a doppio senso;Asciutto;Asfaltata;Verticale ed orizzontale;Sereno;Scarso;Sufficiente;Ore Diurne;1;0;0;1;12,38645;41,90382;-1;1;Motociclo a solo;In marcia / fermata / arresto;Conducente;F;Rifiuta cure immediate;0;NON DECEDUTO;;
2769677;18;11/04/2016 10:00;Strada Urbana;VIA PIETRO MARIA GIAVINA;in prossimità;;del civico n.;16;;Scontro frontale/laterale SX fra veicoli in marcia;Rettilineo;Una carreggiata a doppio senso;Asciutto;Asfaltata;Verticale ed orizzontale;Sereno;Scarso;Sufficiente;Ore Diurne;1;0;0;1;12,38645;41,90382;-1;2;Autovettura privata;In marcia / fermata / arresto;Conducente;M;Illeso;0;;;
2769685;17;09/04/2016 13:45;Strada Urbana;VIA COLA DI RIENZO;in corrispondenza;;del civico n.;183;;Veicolo in marcia contro veicolo in sosta;Rettilineo;Una carreggiata a doppio senso;Asciutto;In cubetti di porfido;Verticale ed orizzontale;Nuvoloso;Intenso;Buona;Ore Diurne;0;0;0;1;12,46378;41,90776;-1;1;Autovettura privata;In marcia / fermata / arresto;Conducente;F;Illeso;0;;Non accertato;Inesploso
2769695;18;11/04/2016 07:30;Strada Urbana;VIA AURELIA;in corrispondenza;;del civico n.;481;;Veicolo in marcia contro ostacolo fisso;Rettilineo;Due carreggiate;Asciutto;Asfaltata;Verticale ed orizzontale;Sereno;Intenso;Buona;Ore Diurne;2;0;0;1;12,42486;41,89637;-1;1;Motociclo a solo;In marcia / fermata / arresto;Conducente;M;Rimandato;0;NON DECEDUTO;;
2769695;18;11/04/2016 07:30;Strada Urbana;VIA AURELIA;in corrispondenza;;del civico n.;481;;Veicolo in marcia contro ostacolo fisso;Rettilineo;Due carreggiate;Asciutto;Asfaltata;Verticale ed orizzontale;Sereno;Intenso;Buona;Ore Diurne;2;0;0;1;12,42486;41,89637;-1;2;Autovettura privata;In marcia / fermata / arresto;Conducente;F;Rifiuta cure immediate;0;NON DECEDUTO;Non accertato;Inesploso
2769695;18;11/04/2016 07:30;Strada Urbana;VIA AURELIA;in corrispondenza;;del civico n.;481;;Veicolo in marcia contro ostacolo fisso;Rettilineo;Due carreggiate;Asciutto;Asfaltata;Verticale ed orizzontale;Sereno;Intenso;Buona;Ore Diurne;2;0;0;1;12,42486;41,89637;-1;3;Autocarro inferiore 35 q.;In marcia / fermata / arresto;Conducente;M;Illeso;0;;Non accertato;Inesploso
2769696;5;11/04/2016 13:45;Strada Urbana;VIA TIBURTINA;all'intersezione semaforizzata con;VIA LANCIANO;VIA LANCIANO;;;Scontro laterale fra veicoli in marcia;Incrocio;Una carreggiata a doppio senso;Asciutto;Asfaltata;Verticale ed orizzontale;Sereno;Intenso;Buona;Ore Diurne;1;0;0;2;12,57449;41,92659;-1;1;Autovettura privata;In marcia / fermata / arresto;Conducente;F;Illeso;0;;Non accertato;Inesploso
2769696;5;11/04/2016 13:45;Strada Urbana;VIA TIBURTINA;all'intersezione semaforizzata con;VIA LANCIANO;VIA LANCIANO;;;Scontro laterale fra veicoli in marcia;Incrocio;Una carreggiata a doppio senso;Asciutto;Asfaltata;Verticale ed orizzontale;Sereno;Intenso;Buona;Ore Diurne;1;0;0;2;12,57449;41,92659;-1;2;Autovettura privata;In marcia / fermata / arresto;Conducente;F;Rimandato;0;NON DECEDUTO;Non accertato;Inesploso
2769696;5;11/04/2016 13:45;Strada Urbana;VIA TIBURTINA;all'intersezione semaforizzata con;VIA LANCIANO;VIA LANCIANO;;;Scontro laterale fra veicoli in marcia;Incrocio;Una carreggiata a doppio senso;Asciutto;Asfaltata;Verticale ed orizzontale;Sereno;Intenso;Buona;Ore Diurne;1;0;0;2;12,57449;41,92659;-1;3;Autobus di linea;In marcia / fermata / arresto;Conducente;F;Illeso;0;;Non accertato;
2769698;18;11/04/2016 08:20;Strada Urbana;CIRCONVALLAZIONE CORNELIA;da specificare;;;;IN PROSS. PIAZZA DEI GIURECONSULTI;Scontro laterale fra veicoli in marcia;Rettilineo;Due carreggiate;Asciutto;Asfaltata;Verticale ed orizzontale;Sereno;Normale;Buona;Ore Diurne;1;0;0;0;12,42587;41,90196;-1;1;Autovettura privata;In marcia / fermata / arresto;Conducente;M;Rimandato;0;NON DECEDUTO;;
2769699;12;09/04/2016 07:40;Strada Urbana;VIA DI TRIGORIA;da specificare;;;;direz.VIA LAURENTINA alt.200 mt prima VIA ARENA;Veicolo in marcia contro ostacolo accidentale;Rettilineo;Una carreggiata a doppio senso;Asciutto;Asfaltata;Verticale ed orizzontale;Sereno;Scarso;Buona;Ore Diurne;0;0;0;2;12,47787;41,76697;-1;1;Autovettura privata;In marcia / fermata / arresto;Conducente;M;Illeso;0;;Non accertato;Inesploso
2769699;12;09/04/2016 07:40;Strada Urbana;VIA DI TRIGORIA;da specificare;;;;direz.VIA LAURENTINA alt.200 mt prima VIA ARENA;Veicolo in marcia contro ostacolo accidentale;Rettilineo;Una carreggiata a doppio senso;Asciutto;Asfaltata;Verticale ed orizzontale;Sereno;Scarso;Buona;Ore Diurne;0;0;0;2;12,47787;41,76697;-1;1;Autovettura privata;In marcia / fermata / arresto;Passeggero;F;Illeso;0;;Non accertato;Inesploso
2769703;17;09/04/2016 17:10;Strada Urbana;VIA ANGELO EMO;in corrispondenza;;del civico n.;3;;Scontro laterale fra veicoli in marcia;Rettilineo;Due carreggiate;Asciutto;Asfaltata;Verticale ed orizzontale;Sereno;Normale;Buona;Ore Diurne;1;0;0;2;12,44983;41,90726;-1;1;Autovettura privata;In marcia / fermata / arresto;Conducente;F;Illeso;0;;Non accertato;Inesploso
2769703;17;09/04/2016 17:10;Strada Urbana;VIA ANGELO EMO;in corrispondenza;;del civico n.;3;;Scontro laterale fra veicoli in marcia;Rettilineo;Due carreggiate;Asciutto;Asfaltata;Verticale ed orizzontale;Sereno;Normale;Buona;Ore Diurne;1;0;0;2;12,44983;41,90726;-1;1;Autovettura privata;In marcia / fermata / arresto;Passeggero;F;Illeso;0;;;
2769703;17;09/04/2016 17:10;Strada Urbana;VIA ANGELO EMO;in corrispondenza;;del civico n.;3;;Scontro laterale fra veicoli in marcia;Rettilineo;Due carreggiate;Asciutto;Asfaltata;Verticale ed orizzontale;Sereno;Normale;Buona;Ore Diurne;1;0;0;2;12,44983;41,90726;-1;2;Motociclo a solo;In marcia / fermata / arresto;Conducente;F;Rimandato;0;NON DECEDUTO;Non accertato;