Protocollo;Gruppo;DataOraIncidente;Localizzazione1;STRADA1;Localizzazione2;STRADA2;Strada02;Chilometrica;DaSpecificare;NaturaIncidente;particolaritastrade;TipoStrada;FondoStradale;Pavimentazione;Segnaletica;CondizioneAtmosferica;Traffico;Visibilita;Illuminazione;NUM_FERITI;NUM_RISERVATA;NUM_MORTI;NUM_ILLESI;Longitudine;Latitudine;Confermato;Progressivo;TipoVeicolo;StatoVeicolo;TipoPersona;Sesso;Tipolesione;Deceduto;DecedutoDopo;CinturaCascoUtilizzato;Airbag
2783960;5;21/04/2016 09:30;Strada Urbana;VIA TIBURTINA;all'intersezione con;VIA DELLE MESSI D'ORO;VIA DELLE MESSI D'ORO;;;Scontro frontale/laterale DX fra veicoli in marcia;Intersezione stradale segnalata;Una carreggiata a doppio senso;Asciutto;Asfaltata;Verticale ed orizzontale;Sereno;Normale;Buona;Ore Diurne;1;0;0;1;12,56186;41,91595;-1;1;Autovettura privata;In marcia / fermata / arresto;Conducente;M;Illeso;0;;Non accertato;Inesploso
2783960;5;21/04/2016 09:30;Strada Urbana;VIA TIBURTINA;all'intersezione con;VIA DELLE MESSI D'ORO;VIA DELLE MESSI D'ORO;;;Scontro frontale/laterale DX fra veicoli in marcia;Intersezione stradale segnalata;Una carreggiata a doppio senso;Asciutto;Asfaltata;Verticale ed orizzontale;Sereno;Normale;Buona;Ore Diurne;1;0;0;1;12,56186;41,91595;-1;2;Motociclo a solo;In marcia / fermata / arresto;Conducente;M;Rimandato;0;NON DECEDUTO;Non accertato;
2783965;20;21/04/2016 14:20;Regionale entro l'abitato;VIA CASSIA;in prossimità;;del civico n.;494;;Scontro laterale fra veicoli in marcia;Curva a visuale libera;Una carreggiata a doppio senso;Asciutto;Asfaltata;Orizzontale;Sereno;Intenso;Buona;Ore Diurne;0;0;0;3;12,45394;41,95948;-1;1;Autovettura privata;In marcia / fermata / arresto;Conducente;F;Illeso;0;;Non accertato;Inesploso
2783965;20;21/04/2016 14:20;Regionale entro l'abitato;VIA CASSIA;in prossimità;;del civico n.;494;;Scontro laterale fra veicoli in marcia;Curva a visuale libera;Una carreggiata a doppio senso;Asciutto;Asfaltata;Orizzontale;Sereno;Intenso;Buona;Ore Diurne;0;0;0;3;12,45394;41,95948;-1;1;Autovettura privata;In marcia / fermata / arresto;Passeggero;F;Illeso;0;;Non accertato;Inesploso
2783965;20;21/04/2016 14:20;Regionale entro l'abitato;VIA CASSIA;in prossimità;;del civico n.;494;;Scontro laterale fra veicoli in marcia;Curva a visuale libera;Una carreggiata a doppio senso;Asciutto;Asfaltata;Orizzontale;Sereno;Intenso;Buona;Ore Diurne;0;0;0;3;12,45394;41,95948;-1;2;Autovettura privata;In marcia / fermata / arresto;Conducente;M;Illeso;0;;Non accertato;Inesploso
2784009;10;21/04/2016 14:45;Strada Urbana;VIA EMILIO LEPIDO;in prossimità;;del civico n.;82;;Scontro laterale fra veicoli in marcia;Rettilineo;Una carreggiata a senso unico di marcia;Asciutto;Asfaltata;Orizzontale;Nuvoloso;Scarso;Buona;Ore Diurne;0;0;0;2;12,56293;41,8573;-1;1;Autovettura privata;In marcia / fermata / arresto;Conducente;M;Illeso;0;;Non accertato;Inesploso
2784009;10;21/04/2016 14:45;Strada Urbana;VIA EMILIO LEPIDO;in prossimità;;del civico n.;82;;Scontro laterale fra veicoli in marcia;Rettilineo;Una carreggiata a senso unico di marcia;Asciutto;Asfaltata;Orizzontale;Nuvoloso;Scarso;Buona;Ore Diurne;0;0;0;2;12,56293;41,8573;-1;1;Autovettura privata;In marcia / fermata / arresto;Passeggero;M;Illeso;0;;Non accertato;Inesploso
2784015;5;21/04/2016 13:00;Strada Urbana;VIA DI SETTECAMINI;all'intersezione con;VIA QUINTILIOLO;VIA QUINTILIOLO;;;Scontro frontale/laterale SX fra veicoli in marcia;Incrocio;Una carreggiata a senso unico di marcia;Asciutto;Asfaltata;Verticale;Sereno;Scarso;Buona;Ore Diurne;0;0;0;2;12,62318;41,941;-1;1;Autovettura privata;In marcia / fermata / arresto;Conducente;F;Illeso;0;;Non accertato;Inesploso
2784015;5;21/04/2016 13:00;Strada Urbana;VIA DI SETTECAMINI;all'intersezione con;VIA QUINTILIOLO;VIA QUINTILIOLO;;;Scontro frontale/laterale SX fra veicoli in marcia;Incrocio;Una carreggiata a senso unico di marcia;Asciutto;Asfaltata;Verticale;Sereno;Scarso;Buona;Ore Diurne;0;0;0;2;12,62318;41,941;-1;2;Autocarro inferiore 35 q.;In marcia / fermata / arresto;Conducente;M;Illeso;0;;Non accertato;Inesploso
2784075;12;20/04/2016 15:10;Strada Urbana;VIA DI TRIGORIA;in prossimità;;del civico n.;301;;Veicolo in marcia contro ostacolo accidentale;Curva a visuale libera;Una carreggiata a doppio senso;Asciutto;Asfaltata;Verticale;Sereno;Normale;Buona;Ore Diurne;0;0;0;1;12,45651;41,72208;-1;1;Autovettura privata;In marcia / fermata / arresto;Conducente;M;Illeso;0;;Non accertato;Inesistente
2784104;9;21/04/2016 16:00;Strada Urbana;VIA TUSCOLANA;da specificare;;;;fronte via Don Rua;Scontro laterale fra veicoli in marcia;Rettilineo;Una carreggiata a doppio senso;Asciutto;Asfaltata;Verticale ed orizzontale;Sereno;Intenso;Buona;Ore Diurne;1;0;0;4;12,52924;41,87438;-1;1;Autovettura privata;In marcia / fermata / arresto;Conducente;M;Illeso;0;;;
2784104;9;21/04/2016 16:00;Strada Urbana;VIA TUSCOLANA;da specificare;;;;fronte via Don Rua;Scontro laterale fra veicoli in marcia;Rettilineo;Una carreggiata a doppio senso;Asciutto;Asfaltata;Verticale ed orizzontale;Sereno;Intenso;Buona;Ore Diurne;1;0;0;4;12,52924;41,87438;-1;1;Autovettura privata;In marcia / fermata / arresto;Passeggero;F;Illeso;0;;;
2784104;9;21/04/2016 16:00;Strada Urbana;VIA TUSCOLANA;da specificare;;;;fronte via Don Rua;Scontro laterale fra veicoli in marcia;Rettilineo;Una carreggiata a doppio senso;Asciutto;Asfaltata;Verticale ed orizzontale;Sereno;Intenso;Buona;Ore Diurne;1;0;0;4;12,52924;41,87438;-1;1;Autovettura privata;In marcia / fermata / arresto;Passeggero;F;Illeso;0;;;
2784104;9;21/04/2016 16:00;Strada Urbana;VIA TUSCOLANA;da specificare;;;;fronte via Don Rua;Scontro laterale fra veicoli in marcia;Rettilineo;Una carreggiata a doppio senso;Asciutto;Asfaltata;Verticale ed orizzontale;Sereno;Intenso;Buona;Ore Diurne;1;0;0;4;12,52924;41,87438;-1;1;Autovettura privata;In marcia / fermata / arresto;Passeggero;M;Illeso;0;;;
2784104;9;21/04/2016 16:00;Strada Urbana;VIA TUSCOLANA;da specificare;;;;fronte via Don Rua;Scontro laterale fra veicoli in marcia;Rettilineo;Una carreggiata a doppio senso;Asciutto;Asfaltata;Verticale ed orizzontale;Sereno;Intenso;Buona;Ore Diurne;1;0;0;4;12,52924;41,87438;-1;2;Motociclo di polizia;In marcia / fermata / arresto;Conducente;M;Rimandato;0;NON DECEDUTO;Utilizzato;
2784105;12;19/04/2016 22:20;Strada Urbana;VIA FRANCESCO DE SUPPE';da specificare;;;;Fronte civico 4;Tamponamento Multiplo;Rettilineo;Una carreggiata a senso unico di marcia;Asciutto;Asfaltata;Verticale ed orizzontale;Sereno;Scarso;Buona;Sufficiente;0;0;0;3;12,48119;41,82561;-1;1;Autovettura privata;In marcia / fermata / arresto;Conducente;F;Illeso;0;;Utilizzato;Inesistente
2784105;12;19/04/2016 22:20;Strada Urbana;VIA FRANCESCO DE SUPPE';da specificare;;;;Fronte civico 4;Tamponamento Multiplo;Rettilineo;Una carreggiata a senso unico di marcia;Asciutto;Asfaltata;Verticale ed orizzontale;Sereno;Scarso;Buona;Sufficiente;0;0;0;3;12,48119;41,82561;-1;2;Autovettura privata;In marcia / fermata / arresto;Conducente;M;Illeso;0;;Non accertato;Inesistente
2784105;12;19/04/2016 22:20;Strada Urbana;VIA FRANCESCO DE SUPPE';da specificare;;;;Fronte civico 4;Tamponamento Multiplo;Rettilineo;Una carreggiata a senso unico di marcia;Asciutto;Asfaltata;Verticale ed orizzontale;Sereno;Scarso;Buona;Sufficiente;0;0;0;3;12,48119;41,82561;-1;3;Autobus turistico;In marcia / fermata / arresto;Conducente;M;Illeso;0;;Non accertato;Inesistente
2784106;15;21/04/2016 16:05;Strada Urbana;LARGO GAETANO LA LOGGIA;all'intersezione semaforizzata con;VIA PORTUENSE;VIA PORTUENSE;;;Scontro laterale fra veicoli in marcia;Intersezione semaforizzata;Una carreggiata a doppio senso;Asciutto;Asfaltata;Verticale ed orizzontale;Nuvoloso;Normale;Buona;Ore Diurne;0;0;0;3;12,44609;41,85582;-1;1;Autovettura privata;In marcia / fermata / arresto;Conducente;M;Illeso;0;;Utilizzato;Inesploso
2784106;15;21/04/2016 16:05;Strada Urbana;LARGO GAETANO LA LOGGIA;all'intersezione semaforizzata con;VIA PORTUENSE;VIA PORTUENSE;;;Scontro laterale fra veicoli in marcia;Intersezione semaforizzata;Una carreggiata a doppio senso;Asciutto;Asfaltata;Verticale ed orizzontale;Nuvoloso;Normale;Buona;Ore Diurne;0;0;0;3;12,44609;41,85582;-1;2;Autovettura privata;In marcia / fermata / arresto;Conducente;M;Illeso;0;;Utilizzato;Inesploso
2784106;15;21/04/2016 16:05;Strada Urbana;LARGO GAETANO LA LOGGIA;all'intersezione semaforizzata con;VIA PORTUENSE;VIA PORTUENSE;;;Scontro laterale fra veicoli in marcia;Intersezione semaforizzata;Una carreggiata a doppio senso;Asciutto;Asfaltata;Verticale ed orizzontale;Nuvoloso;Normale;Buona;Ore Diurne;0;0;0;3;12,44609;41,85582;-1;2;Autovettura privata;In marcia / fermata / arresto;Passeggero;M;Illeso;0;;Utilizzato;Inesistente
2784164;12;19/04/2016 10:50;Provinciale;VIA OSTIENSE;all'intersezione con;VIA DEL RISARO;VIA DEL RISARO;;;Scontro frontale/laterale SX fra veicoli in marcia;Incrocio;Una carreggiata a doppio senso;Asciutto;Asfaltata;Verticale ed orizzontale;Sereno;Normale;Buona;Ore Diurne;1;0;0;1;12,40247;41,79569;-1;1;Autovettura privata;In marcia / fermata / arresto;Conducente;M;Illeso;0;;Non accertato;Inesistente
2784164;12;19/04/2016 10:50;Provinciale;VIA OSTIENSE;all'intersezione con;VIA DEL RISARO;VIA DEL RISARO;;;Scontro frontale/laterale SX fra veicoli in marcia;Incrocio;Una carreggiata a doppio senso;Asciutto;Asfaltata;Verticale ed orizzontale;Sereno;Normale;Buona;Ore Diurne;1;0;0;1;12,40247;41,79569;-1;2;Motociclo a solo;In marcia / fermata / arresto;Conducente;M;Rimandato;0;NON DECEDUTO;Utilizzato;
2784169;12;19/04/2016 09:00;Strada Urbana;VIALE DI VAL FIORITA;da specificare;;;;DIREZIONE TRE FONTANE FRONTE METRO MAGLIANA;Tamponamento;Rettilineo;Una carreggiata a doppio senso;Asciutto;Asfaltata;Verticale ed orizzontale;Sereno;Normale;Buona;Ore Diurne;1;0;0;1;12,46456;41,83968;-1;1;Autovettura privata;In marcia / fermata / arresto;Conducente;F;Illeso;0;;Non accertato;Inesploso
2784169;12;19/04/2016 09:00;Strada Urbana;VIALE DI VAL FIORITA;da specificare;;;;DIREZIONE TRE FONTANE FRONTE METRO MAGLIANA;Tamponamento;Rettilineo;Una carreggiata a doppio senso;Asciutto;Asfaltata;Verticale ed orizzontale;Sereno;Normale;Buona;Ore Diurne;1;0;0;1;12,46456;41,83968;-1;2;Autovettura privata;In marcia / fermata / arresto;Conducente;F;Rimandato;0;NON DECEDUTO;Non accertato;Inesistente
2784197;12;19/04/2016 11:15;Strada Urbana;VIALE EGEO;all'intersezione semaforizzata con;PIAZZALE FERRUCCIO PARRI;PIAZZALE FERRUCCIO PARRI;;;Scontro laterale fra veicoli in marcia;Intersezione semaforizzata;Una carreggiata a doppio senso;Asciutto;Asfaltata;Verticale ed orizzontale;Sereno;Normale;Buona;Ore Diurne;1;0;0;1;12,4633;41,83729;-1;1;Autovettura privata;In marcia / fermata / arresto;Conducente;M;Illeso;0;;Utilizzato;Inesploso
2784197;12;19/04/2016 11:15;Strada Urbana;VIALE EGEO;all'intersezione semaforizzata con;PIAZZALE FERRUCCIO PARRI;PIAZZALE FERRUCCIO PARRI;;;Scontro laterale fra veicoli in marcia;Intersezione semaforizzata;Una carreggiata a doppio senso;Asciutto;Asfaltata;Verticale ed orizzontale;Sereno;Normale;Buona;Ore Diurne;1;0;0;1;12,4633;41,83729;-1;2;Motociclo a solo;In marcia / fermata / arresto;Conducente;M;Rimandato;0;NON DECEDUTO;Non accertato;
2784224;12;20/04/2016 12:00;Strada Urbana;PIAZZA GUGLIELMO MARCONI;da specificare;;;;rotatoria direzione Via Civiltà Romana;Scontro laterale fra veicoli in marcia;Rotatoria;Due carreggiate;Asciutto;Asfaltata;Verticale ed orizzontale;Sereno;Normale;Buona;Ore Diurne;0;0;0;3;12,46927;41,83359;-1;1;Autovettura privata;In marcia / fermata / arresto;Conducente;F;Illeso;0;;Utilizzato;Inesploso
2784224;12;20/04/2016 12:00;Strada Urbana;PIAZZA GUGLIELMO MARCONI;da specificare;;;;rotatoria direzione Via Civiltà Romana;Scontro laterale fra veicoli in marcia;Rotatoria;Due carreggiate;Asciutto;Asfaltata;Verticale ed orizzontale;Sereno;Normale;Buona;Ore Diurne;0;0;0;3;12,46927;41,83359;-1;1;Autovettura privata;In marcia / fermata / arresto;Passeggero;F;Illeso;0;;Utilizzato;Inesploso
2784224;12;20/04/2016 12:00;Strada Urbana;PIAZZA GUGLIELMO MARCONI;da specificare;;;;rotatoria direzione Via Civiltà Romana;Scontro laterale fra veicoli in marcia;Rotatoria;Due carreggiate;Asciutto;Asfaltata;Verticale ed orizzontale;Sereno;Normale;Buona;Ore Diurne;0;0;0;3;12,46927;41,83359;-1;2;Autovettura privata;In marcia / fermata / arresto;Conducente;M;Illeso;0;;Utilizzato;Inesploso
2784226;15;21/04/2016 08:30;Strada Urbana;VIA PORTUENSE;in corrispondenza;;del civico n.;817;;Scontro laterale fra veicoli in marcia;Rettilineo;Una carreggiata a doppio senso;Asciutto;Asfaltata;Orizzontale;Sereno;Intenso;Buona;Ore Diurne;0;0;0;2;12,42024;41,84827;-1;1;Autocarro inferiore 35 q.;In marcia / fermata / arresto;Conducente;M;Illeso;0;;Utilizzato;
2784226;15;21/04/2016 08:30;Strada Urbana;VIA PORTUENSE;in corrispondenza;;del civico n.;817;;Scontro laterale fra veicoli in marcia;Rettilineo;Una carreggiata a doppio senso;Asciutto;Asfaltata;Orizzontale;Sereno;Intenso;Buona;Ore Diurne;0;0;0;2;12,42024;41,84827;-1;2;Autovettura privata;In marcia / fermata / arresto;Conducente;F;Illeso;0;;Utilizzato;
2784243;15;21/04/2016 10:15;Strada Urbana;VIA ALBERESE;da specificare;;;;rampa uscita da Viale I. Newton;Scontro laterale fra veicoli in marcia;Rettilineo;Una carreggiata a doppio senso;Asciutto;Asfaltata;Verticale ed orizzontale;Nuvoloso;Scarso;Buona;Ore Diurne;0;0;0;2;12,44115;41,84823;-1;1;Motociclo a solo;In marcia / fermata / arresto;Conducente;M;Illeso;0;;Utilizzato;
2784243;15;21/04/2016 10:15;Strada Urbana;VIA ALBERESE;da specificare;;;;rampa uscita da Viale I. Newton;Scontro laterale fra veicoli in marcia;Rettilineo;Una carreggiata a doppio senso;Asciutto;Asfaltata;Verticale ed orizzontale;Nuvoloso;Scarso;Buona;Ore Diurne;0;0;0;2;12,44115;41,84823;-1;2;Autovettura privata;In marcia / fermata / arresto;Conducente;M;Illeso;0;;Utilizzato;
2784277;13;21/04/2016 13:45;Strada Urbana;LUNGOMARE AMERIGO VESPUCCI;in corrispondenza;;del civico n.;164;;Veicolo in marcia contro veicolo in sosta;Rettilineo;Una carreggiata a doppio senso;Asciutto;Asfaltata;Verticale;Sereno;Scarso;Buona;Ore Diurne;0;0;0;1;12,34244;41,70327;-1;2;Autocarro inferiore 35 q.;In marcia / fermata / arresto;Conducente;M;Illeso;0;;Non accertato;Inesploso
2784278;13;21/04/2016 08:40;Strada Urbana;VIA CARLO ALBIZZATI;da specificare;;;;tra i civici 577 e 589;Veicolo in marcia contro ostacolo accidentale;Rettilineo;Una carreggiata a senso unico di marcia;Asciutto;Con buche;Assente;Sereno;Normale;Buona;Ore Diurne;0;0;0;1;12,33104;41,78164;-1;1;Autovettura privata;In marcia / fermata / arresto;Conducente;M;Illeso;0;;Non accertato;Inesploso
2784290;13;21/04/2016 14:20;Strada Urbana;VIA DI CASAL PALOCCO;all'intersezione con;VIALE ALESSANDRO MAGNO;VIALE ALESSANDRO MAGNO;;;Scontro laterale fra veicoli in marcia;Rotatoria;Una carreggiata a senso unico di marcia;Asciutto;Asfaltata;Assente;Nuvoloso;Normale;Sufficiente;Ore Diurne;1;0;0;2;12,35142;41,75136;-1;1;Autovettura privata;In marcia / fermata / arresto;Conducente;M;Illeso;0;;Non accertato;Inesploso
2784290;13;21/04/2016 14:20;Strada Urbana;VIA DI CASAL PALOCCO;all'intersezione con;VIALE ALESSANDRO MAGNO;VIALE ALESSANDRO MAGNO;;;Scontro laterale fra veicoli in marcia;Rotatoria;Una carreggiata a senso unico di marcia;Asciutto;Asfaltata;Assente;Nuvoloso;Normale;Sufficiente;Ore Diurne;1;0;0;2;12,35142;41,75136;-1;1;Autovettura privata;In marcia / fermata / arresto;Passeggero;M;Illeso;0;;Non accertato;Inesploso
2784290;13;21/04/2016 14:20;Strada Urbana;VIA DI CASAL PALOCCO;all'intersezione con;VIALE ALESSANDRO MAGNO;VIALE ALESSANDRO MAGNO;;;Scontro laterale fra veicoli in marcia;Rotatoria;Una carreggiata a senso unico di marcia;Asciutto;Asfaltata;Assente;Nuvoloso;Normale;Sufficiente;Ore Diurne;1;0;0;2;12,35142;41,75136;-1;2;Velocipede;In marcia / fermata / arresto;Conducente;M;Rimandato;0;NON DECEDUTO;Esente;
2784292;12;20/04/2016 11:15;Strada Urbana;VIALE DELL'OCEANO INDIANO;all'intersezione con;VIA PRAGA;VIA PRAGA;;;Scontro frontale/laterale SX fra veicoli in marcia;Incrocio;Una carreggiata a doppio senso;Asciutto;Asfaltata;Verticale ed orizzontale;Sereno;Normale;Buona;Ore Diurne;1;0;0;1;12,4486;41,82464;-1;1;Autovettura privata;In marcia / fermata / arresto;Conducente;F;Illeso;0;;Utilizzato;Inesploso
2784292;12;20/04/2016 11:15;Strada Urbana;VIALE DELL'OCEANO INDIANO;all'intersezione con;VIA PRAGA;VIA PRAGA;;;Scontro frontale/laterale SX fra veicoli in marcia;Incrocio;Una carreggiata a doppio senso;Asciutto;Asfaltata;Verticale ed orizzontale;Sereno;Normale;Buona;Ore Diurne;1;0;0;1;12,4486;41,82464;-1;2;Motociclo a solo;In marcia / fermata / arresto;Conducente;F;Rimandato;0;NON DECEDUTO;Non accertato;
2784326;9;21/04/2016 18:40;Strada Urbana;VIA LATINA;all'intersezione con;VIA CESARE BARONIO;VIA CESARE BARONIO;;;Scontro frontale/laterale DX fra veicoli in marcia;Incrocio;Una carreggiata a doppio senso;Asciutto;Asfaltata;Verticale ed orizzontale;Sereno;Normale;Buona;Ore Diurne;2;0;0;1;12,51836;41,87136;-1;1;Autovettura privata;In marcia / fermata / arresto;Conducente;F;Illeso;0;;Non accertato;
2784326;9;21/04/2016 18:40;Strada Urbana;VIA LATINA;all'intersezione con;VIA CESARE BARONIO;VIA CESARE BARONIO;;;Scontro frontale/laterale DX fra veicoli in marcia;Incrocio;Una carreggiata a doppio senso;Asciutto;Asfaltata;Verticale ed orizzontale;Sereno;Normale;Buona;Ore Diurne;2;0;0;1;12,51836;41,87136;-1;2;Autovettura privata;In marcia / fermata / arresto;Conducente;F;Rimandato;0;NON DECEDUTO;Non accertato;
2784326;9;21/04/2016 18:40;Strada Urbana;VIA LATINA;all'intersezione con;VIA CESARE BARONIO;VIA CESARE BARONIO;;;Scontro frontale/laterale DX fra veicoli in marcia;Incrocio;Una carreggiata a doppio senso;Asciutto;Asfaltata;Verticale ed orizzontale;Sereno;Normale;Buona;Ore Diurne;2;0;0;1;12,51836;41,87136;-1;2;Autovettura privata;In marcia / fermata / arresto;Passeggero;M;Rimandato;0;NON DECEDUTO;Non accertato;
2784343;18;21/04/2016 16:40;Strada Urbana;VIA DI BOCCEA;in prossimità;;del civico n.;530;;Scontro laterale fra veicoli in marcia;Rettilineo;Una carreggiata a doppio senso;Asciutto;Asfaltata;Verticale ed orizzontale;Sereno;Normale;Buona;Ore Diurne;1;0;0;3;12,37901;41,91656;-1;1;Autovettura privata;In marcia / fermata / arresto;Conducente;F;Illeso;0;;Non accertato;Inesploso
2784343;18;21/04/2016 16:40;Strada Urbana;VIA DI BOCCEA;in prossimità;;del civico n.;530;;Scontro laterale fra veicoli in marcia;Rettilineo;Una carreggiata a doppio senso;Asciutto;Asfaltata;Verticale ed orizzontale;Sereno;Normale;Buona;Ore Diurne;1;0;0;3;12,37901;41,91656;-1;2;Motociclo a solo;In marcia / fermata / arresto;Conducente;M;Rimandato;0;NON DECEDUTO;Non accertato;
2784343;18;21/04/2016 16:40;Strada Urbana;VIA DI BOCCEA;in prossimità;;del civico n.;530;;Scontro laterale fra veicoli in marcia;Rettilineo;Una carreggiata a doppio senso;Asciutto;Asfaltata;Verticale ed orizzontale;Sereno;Normale;Buona;Ore Diurne;1;0;0;3;12,37901;41,91656;-1;3;Autovettura privata;In marcia / fermata / arresto;Conducente;M;Illeso;0;;Non accertato;Inesploso
2784343;18;21/04/2016 16:40;Strada Urbana;VIA DI BOCCEA;in prossimità;;del civico n.;530;;Scontro laterale fra veicoli in marcia;Rettilineo;Una carreggiata a doppio senso;Asciutto;Asfaltata;Verticale ed orizzontale;Sereno;Normale;Buona;Ore Diurne;1;0;0;3;12,37901;41,91656;-1;3;Autovettura privata;In marcia / fermata / arresto;Passeggero;F;Illeso;0;;Non accertato;Inesploso
2784356;6;21/04/2016 18:30;Strada Urbana;VIA PRENESTINA;da specificare;;;;ALTEZZA VIA ETTORE FIERAMOSCA;Infortunio per caduta del veicolo;Rettilineo;Più di due carreggiate;Asciutto;Asfaltata;Orizzontale;Sereno;Normale;Buona;Ore Diurne;1;0;0;0;12,52791;41,89157;-1;1;Velocipede;In marcia / fermata / arresto;Conducente;F;Rimandato;0;NON DECEDUTO;Esente;
2784625;9;21/04/2016 19:00;Strada Urbana;PIAZZA DI PORTA S. GIOVANNI;da specificare;;;;prossimità archi;Tamponamento;Rettilineo;Una carreggiata a senso unico di marcia;Asciutto;Asfaltata;Verticale ed orizzontale;Sereno;Intenso;Buona;Ore Diurne;0;0;0;2;12,50796;41,8865;-1;1;Autovettura privata;In marcia / fermata / arresto;Conducente;F;Illeso;0;;Non accertato;Inesploso
2784625;9;21/04/2016 19:00;Strada Urbana;PIAZZA DI PORTA S. GIOVANNI;da specificare;;;;prossimità archi;Tamponamento;Rettilineo;Una carreggiata a senso unico di marcia;Asciutto;Asfaltata;Verticale ed orizzontale;Sereno;Intenso;Buona;Ore Diurne;0;0;0;2;12,50796;41,8865;-1;2;Autovettura privata;In marcia / fermata / arresto;Conducente;M;Illeso;0;;Non accertato;Inesploso
2784640;13;21/04/2016 17:50;Strada Urbana;VIA DI PRATO CORNELIO;in corrispondenza;;del civico n.;190;;Tamponamento;Rettilineo;Una carreggiata a doppio senso;Asciutto;Asfaltata;Assente;Nuvoloso;Intenso;Buona;Ore Diurne;0;0;0;4;12,35702;41,77176;-1;1;Autovettura privata;In marcia / fermata / arresto;Conducente;M;Illeso;0;;Non accertato;Inesploso
2784640;13;21/04/2016 17:50;Strada Urbana;VIA DI PRATO CORNELIO;in corrispondenza;;del civico n.;190;;Tamponamento;Rettilineo;Una carreggiata a doppio senso;Asciutto;Asfaltata;Assente;Nuvoloso;Intenso;Buona;Ore Diurne;0;0;0;4;12,35702;41,77176;-1;2;Autovettura privata;In marcia / fermata / arresto;Conducente;M;Illeso;0;;Non accertato;Inesploso
2784640;13;21/04/2016 17:50;Strada Urbana;VIA DI PRATO CORNELIO;in corrispondenza;;del civico n.;190;;Tamponamento;Rettilineo;Una carreggiata a doppio senso;Asciutto;Asfaltata;Assente;Nuvoloso;Intenso;Buona;Ore Diurne;0;0;0;4;12,35702;41,77176;-1;2;Autovettura privata;In marcia / fermata / arresto;Passeggero;M;Illeso;0;;Non accertato;Inesploso
2784640;13;21/04/2016 17:50;Strada Urbana;VIA DI PRATO CORNELIO;in corrispondenza;;del civico n.;190;;Tamponamento;Rettilineo;Una carreggiata a doppio senso;Asciutto;Asfaltata;Assente;Nuvoloso;Intenso;Buona;Ore Diurne;0;0;0;4;12,35702;41,77176;-1;2;Autovettura privata;In marcia / fermata / arresto;Passeggero;F;Illeso;0;;Non accertato;Inesploso
2784689;13;21/04/2016 17:50;Strada Urbana;VIA LUCIO LEPIDIO;all'intersezione con;VIA VINCENZO VANNUTELLI;VIA VINCENZO VANNUTELLI;;;Scontro frontale/laterale DX fra veicoli in marcia;Incrocio;Due carreggiate;Asciutto;Asfaltata;Verticale ed orizzontale;Sereno;Scarso;Buona;Ore Diurne;0;0;0;2;12,28128;41,73336;-1;1;Autovettura privata;In marcia / fermata / arresto;Conducente;M;Illeso;0;;Non accertato;Inesploso
2784689;13;21/04/2016 17:50;Strada Urbana;VIA LUCIO LEPIDIO;all'intersezione con;VIA VINCENZO VANNUTELLI;VIA VINCENZO VANNUTELLI;;;Scontro frontale/laterale DX fra veicoli in marcia;Incrocio;Due carreggiate;Asciutto;Asfaltata;Verticale ed orizzontale;Sereno;Scarso;Buona;Ore Diurne;0;0;0;2;12,28128;41,73336;-1;2;Autovettura privata;In marcia / fermata / arresto;Conducente;M;Illeso;0;;Non accertato;Inesploso
2784702;4;21/04/2016 07:45;Statale;VIA SALARIA;in prossimità;;del civico n.;1041;;Scontro frontale/laterale DX fra veicoli in marcia;Rettilineo;Due carreggiate;Asciutto;Asfaltata;Verticale ed orizzontale;Sereno;Intenso;Buona;Ore Diurne;1;0;0;1;12,50465;41,97265;-1;1;Motociclo a solo;In marcia / fermata / arresto;Conducente;M;Rimandato;0;NON DECEDUTO;Non accertato;
2784702;4;21/04/2016 07:45;Statale;VIA SALARIA;in prossimità;;del civico n.;1041;;Scontro frontale/laterale DX fra veicoli in marcia;Rettilineo;Due carreggiate;Asciutto;Asfaltata;Verticale ed orizzontale;Sereno;Intenso;Buona;Ore Diurne;1;0;0;1;12,50465;41,97265;-1;2;Autovettura privata;In marcia / fermata / arresto;Conducente;F;Illeso;0;;Non accertato;Inesploso
2784706;16;20/04/2016 08:30;Strada Urbana;VIA DAMASO CERQUETTI;in corrispondenza;;del civico n.;10;;Veicolo in marcia contro veicolo in sosta;Rettilineo;Una carreggiata a senso unico di marcia;Asciutto;Asfaltata;Orizzontale;Sereno;Scarso;Buona;Ore Diurne;0;0;0;1;12,45546;41,87361;-1;1;Autocarro inferiore 35 q.;In marcia / fermata / arresto;Conducente;M;Illeso;0;;Non accertato;Inesploso
2784708;20;21/04/2016 18:40;Strada Urbana;CORSO DI FRANCIA;in corrispondenza;;del civico n.;231;;Scontro laterale fra veicoli in marcia;Rettilineo;Più di due carreggiate;Asciutto;Asfaltata;Verticale ed orizzontale;Sereno;Normale;Buona;Ore Diurne;0;0;0;2;12,46898;41,94555;-1;1;Autovettura privata;In marcia / fermata / arresto;Conducente;F;Illeso;0;;;
2784708;20;21/04/2016 18:40;Strada Urbana;CORSO DI FRANCIA;in corrispondenza;;del civico n.;231;;Scontro laterale fra veicoli in marcia;Rettilineo;Più di due carreggiate;Asciutto;Asfaltata;Verticale ed orizzontale;Sereno;Normale;Buona;Ore Diurne;0;0;0;2;12,46898;41,94555;-1;2;Autovettura privata;In marcia / fermata / arresto;Conducente;F;Illeso;0;;;