Protocollo;Gruppo;DataOraIncidente;Localizzazione1;STRADA1;Localizzazione2;STRADA2;Strada02;Chilometrica;DaSpecificare;NaturaIncidente;particolaritastrade;TipoStrada;FondoStradale;Pavimentazione;Segnaletica;CondizioneAtmosferica;Traffico;Visibilita;Illuminazione;NUM_FERITI;NUM_RISERVATA;NUM_MORTI;NUM_ILLESI;Longitudine;Latitudine;Confermato;Progressivo;TipoVeicolo;StatoVeicolo;TipoPersona;Sesso;Tipolesione;Deceduto;DecedutoDopo;CinturaCascoUtilizzato;Airbag
2787106;1;20/04/2016 10:11;Strada Urbana;VIA DEL FORO OLITORIO;da specificare;;;;FERMATA ATAC 82197;Veicolo in marcia contro ostacolo accidentale;Rettilineo;Una carreggiata a doppio senso;Viscido da liquidi oleosi;In cubetti di porfido;Verticale ed orizzontale;Sereno;Normale;Buona;Ore Diurne;0;0;0;2;12,47988;41,89078;-1;1;Motociclo a solo;In marcia / fermata / arresto;Conducente;M;Illeso;0;;Non accertato;
2787106;1;20/04/2016 10:11;Strada Urbana;VIA DEL FORO OLITORIO;da specificare;;;;FERMATA ATAC 82197;Veicolo in marcia contro ostacolo accidentale;Rettilineo;Una carreggiata a doppio senso;Viscido da liquidi oleosi;In cubetti di porfido;Verticale ed orizzontale;Sereno;Normale;Buona;Ore Diurne;0;0;0;2;12,47988;41,89078;-1;2;Autobus di linea;In marcia / fermata / arresto;Conducente;M;Illeso;0;;;
2787119;1;20/04/2016 10:12;Strada Urbana;VIA DEL FORO OLITORIO;all'intersezione con;PIAZZA DI MONTE SAVELLO;PIAZZA DI MONTE SAVELLO;;;Veicolo in marcia contro ostacolo accidentale;Incrocio;Una carreggiata a doppio senso;Viscido da liquidi oleosi;In cubetti di porfido;Verticale ed orizzontale;Sereno;Normale;Buona;Ore Diurne;1;0;0;1;12,47974;41,8908;-1;;;;Pedone;F;Rimandato;0;NON DECEDUTO;;
2787119;1;20/04/2016 10:12;Strada Urbana;VIA DEL FORO OLITORIO;all'intersezione con;PIAZZA DI MONTE SAVELLO;PIAZZA DI MONTE SAVELLO;;;Veicolo in marcia contro ostacolo accidentale;Incrocio;Una carreggiata a doppio senso;Viscido da liquidi oleosi;In cubetti di porfido;Verticale ed orizzontale;Sereno;Normale;Buona;Ore Diurne;1;0;0;1;12,47974;41,8908;-1;1;Autobus di linea;In marcia / fermata / arresto;Conducente;M;Illeso;0;;;
2787129;1;20/04/2016 17:00;Strada Urbana;PIAZZA DI PORTA S. PAOLO;all'intersezione con;VIA MARMORATA;VIA MARMORATA;;;Scontro frontale/laterale DX fra veicoli in marcia;Intersezione semaforizzata;Una carreggiata a senso unico di marcia;Asciutto;In cubetti di porfido;Verticale ed orizzontale;Sereno;Normale;Buona;Ore Diurne;0;0;0;4;12,48144;41,87731;-1;1;Autovettura privata;In marcia / fermata / arresto;Conducente;F;Illeso;0;;Non accertato;Inesploso
2787129;1;20/04/2016 17:00;Strada Urbana;PIAZZA DI PORTA S. PAOLO;all'intersezione con;VIA MARMORATA;VIA MARMORATA;;;Scontro frontale/laterale DX fra veicoli in marcia;Intersezione semaforizzata;Una carreggiata a senso unico di marcia;Asciutto;In cubetti di porfido;Verticale ed orizzontale;Sereno;Normale;Buona;Ore Diurne;0;0;0;4;12,48144;41,87731;-1;1;Autovettura privata;In marcia / fermata / arresto;Passeggero;F;Illeso;0;;Non accertato;Inesploso
2787129;1;20/04/2016 17:00;Strada Urbana;PIAZZA DI PORTA S. PAOLO;all'intersezione con;VIA MARMORATA;VIA MARMORATA;;;Scontro frontale/laterale DX fra veicoli in marcia;Intersezione semaforizzata;Una carreggiata a senso unico di marcia;Asciutto;In cubetti di porfido;Verticale ed orizzontale;Sereno;Normale;Buona;Ore Diurne;0;0;0;4;12,48144;41,87731;-1;2;Autovettura privata;In marcia / fermata / arresto;Conducente;F;Illeso;0;;Non accertato;Inesploso
2787129;1;20/04/2016 17:00;Strada Urbana;PIAZZA DI PORTA S. PAOLO;all'intersezione con;VIA MARMORATA;VIA MARMORATA;;;Scontro frontale/laterale DX fra veicoli in marcia;Intersezione semaforizzata;Una carreggiata a senso unico di marcia;Asciutto;In cubetti di porfido;Verticale ed orizzontale;Sereno;Normale;Buona;Ore Diurne;0;0;0;4;12,48144;41,87731;-1;2;Autovettura privata;In marcia / fermata / arresto;Passeggero;F;Illeso;0;;Non accertato;Inesploso
2787136;2;24/04/2016 08:30;Strada Urbana;LUNGOTEVERE DELLE NAVI;all'intersezione semaforizzata con;PIAZZALE DELLE BELLE ARTI;PIAZZALE DELLE BELLE ARTI;;;Scontro laterale fra veicoli in marcia;Intersezione semaforizzata;Una carreggiata a senso unico di marcia;Asciutto;Asfaltata;Verticale;Nuvoloso;Scarso;Buona;Ore Diurne;0;0;0;2;12,4718;41,91857;-1;1;Autovettura privata;In marcia / fermata / arresto;Conducente;M;Illeso;0;;Non accertato;Inesploso
2787136;2;24/04/2016 08:30;Strada Urbana;LUNGOTEVERE DELLE NAVI;all'intersezione semaforizzata con;PIAZZALE DELLE BELLE ARTI;PIAZZALE DELLE BELLE ARTI;;;Scontro laterale fra veicoli in marcia;Intersezione semaforizzata;Una carreggiata a senso unico di marcia;Asciutto;Asfaltata;Verticale;Nuvoloso;Scarso;Buona;Ore Diurne;0;0;0;2;12,4718;41,91857;-1;2;Autovettura privata;In marcia / fermata / arresto;Conducente;M;Illeso;0;;Non accertato;Inesploso
2787140;10;23/04/2016 02:30;Strada Urbana;VIA LEONARDO BUFALINI;all'intersezione con;VIA GIOVANNI MAGGI;VIA GIOVANNI MAGGI;;;Scontro laterale fra veicoli in marcia;Incrocio;Due carreggiate;Bagnato (pioggia);Asfaltata;Verticale ed orizzontale;Pioggia in atto;Scarso;Buona;Sufficiente;0;0;0;3;12,53893;41,88227;-1;1;Autovettura privata;In marcia / fermata / arresto;Conducente;M;Illeso;0;;Non accertato;Inesploso
2787140;10;23/04/2016 02:30;Strada Urbana;VIA LEONARDO BUFALINI;all'intersezione con;VIA GIOVANNI MAGGI;VIA GIOVANNI MAGGI;;;Scontro laterale fra veicoli in marcia;Incrocio;Due carreggiate;Bagnato (pioggia);Asfaltata;Verticale ed orizzontale;Pioggia in atto;Scarso;Buona;Sufficiente;0;0;0;3;12,53893;41,88227;-1;2;Autovettura privata;In marcia / fermata / arresto;Conducente;M;Illeso;0;;Non accertato;Inesploso
2787140;10;23/04/2016 02:30;Strada Urbana;VIA LEONARDO BUFALINI;all'intersezione con;VIA GIOVANNI MAGGI;VIA GIOVANNI MAGGI;;;Scontro laterale fra veicoli in marcia;Incrocio;Due carreggiate;Bagnato (pioggia);Asfaltata;Verticale ed orizzontale;Pioggia in atto;Scarso;Buona;Sufficiente;0;0;0;3;12,53893;41,88227;-1;2;Autovettura privata;In marcia / fermata / arresto;Passeggero;M;Illeso;0;;Non accertato;Inesploso
2787146;20;23/04/2016 21:15;Strada Urbana;VIA TRIONFALE;all'intersezione con;VIA CUNFIDA;VIA CUNFIDA;;;Scontro frontale/laterale DX fra veicoli in marcia;Intersezione stradale segnalata;Una carreggiata a doppio senso;Bagnato (pioggia);Asfaltata;Orizzontale;Nuvoloso;Normale;Buona;Sufficiente;1;0;0;2;12,45206;41,91301;-1;1;Autovettura privata;In marcia / fermata / arresto;Conducente;M;Illeso;0;;;
2787146;20;23/04/2016 21:15;Strada Urbana;VIA TRIONFALE;all'intersezione con;VIA CUNFIDA;VIA CUNFIDA;;;Scontro frontale/laterale DX fra veicoli in marcia;Intersezione stradale segnalata;Una carreggiata a doppio senso;Bagnato (pioggia);Asfaltata;Orizzontale;Nuvoloso;Normale;Buona;Sufficiente;1;0;0;2;12,45206;41,91301;-1;1;Autovettura privata;In marcia / fermata / arresto;Passeggero;F;Illeso;0;;;
2787146;20;23/04/2016 21:15;Strada Urbana;VIA TRIONFALE;all'intersezione con;VIA CUNFIDA;VIA CUNFIDA;;;Scontro frontale/laterale DX fra veicoli in marcia;Intersezione stradale segnalata;Una carreggiata a doppio senso;Bagnato (pioggia);Asfaltata;Orizzontale;Nuvoloso;Normale;Buona;Sufficiente;1;0;0;2;12,45206;41,91301;-1;2;Motociclo a solo;In marcia / fermata / arresto;Conducente;M;Ricoverato;0;NON DECEDUTO;;
2787151;1;20/04/2016 13:00;Strada Urbana;PIAZZA DI S. GIOVANNI IN LATERANO;in prossimità;;del civico n.;84;;Scontro frontale/laterale SX fra veicoli in marcia;Rettilineo;Una carreggiata a doppio senso;Asciutto;Asfaltata;Verticale ed orizzontale;Sereno;Intenso;Buona;Ore Diurne;0;0;0;2;12,50487;41,887;-1;1;Autovettura pubblica;In marcia / fermata / arresto;Conducente;M;Illeso;0;;Non accertato;
2787151;1;20/04/2016 13:00;Strada Urbana;PIAZZA DI S. GIOVANNI IN LATERANO;in prossimità;;del civico n.;84;;Scontro frontale/laterale SX fra veicoli in marcia;Rettilineo;Una carreggiata a doppio senso;Asciutto;Asfaltata;Verticale ed orizzontale;Sereno;Intenso;Buona;Ore Diurne;0;0;0;2;12,50487;41,887;-1;2;Autocarro inferiore 35 q.;In marcia / fermata / arresto;Conducente;M;Illeso;0;;Non accertato;
2787155;20;24/04/2016 10:15;Strada Urbana;CORSO DI FRANCIA;all'intersezione semaforizzata con;VIA FLAMINIA;VIA FLAMINIA;;;Tamponamento;Intersezione semaforizzata;Due carreggiate;Asciutto;Asfaltata;Verticale ed orizzontale;Nuvoloso;Scarso;Buona;Ore Diurne;0;0;0;2;12,47077;41,94155;-1;1;Autovettura privata;In marcia / fermata / arresto;Conducente;F;Illeso;0;;Non accertato;Inesploso
2787155;20;24/04/2016 10:15;Strada Urbana;CORSO DI FRANCIA;all'intersezione semaforizzata con;VIA FLAMINIA;VIA FLAMINIA;;;Tamponamento;Intersezione semaforizzata;Due carreggiate;Asciutto;Asfaltata;Verticale ed orizzontale;Nuvoloso;Scarso;Buona;Ore Diurne;0;0;0;2;12,47077;41,94155;-1;2;Autovettura privata;In marcia / fermata / arresto;Conducente;M;Illeso;0;;Non accertato;Inesploso
2787160;10;23/04/2016 07:30;Strada Urbana;VIALE LUIGI SCHIAVONETTI;da specificare;;;;fronte Centro Commerciale Tor Vergata;Veicolo in marcia contro ostacolo fisso;Rettilineo;Una carreggiata a senso unico di marcia;Bagnato (pioggia);Asfaltata;Verticale ed orizzontale;Pioggia in atto;Scarso;Buona;Ore Diurne;0;0;0;1;12,62224;41,84121;-1;1;Autovettura privata;In marcia / fermata / arresto;Conducente;F;Illeso;0;;Utilizzato;Inesploso
2787163;10;23/04/2016 09:30;Strada Urbana;VIA DELLE CAPANNELLE;da specificare;;;;in prossimità intersezione con via Lucrezia Romana;Veicolo in marcia contro ostacolo fisso;Rettilineo;Una carreggiata a doppio senso;Bagnato (pioggia);Asfaltata;Verticale ed orizzontale;Pioggia in atto;Scarso;Buona;Ore Diurne;0;0;0;1;12,57413;41,83647;-1;1;Autovettura privata;In marcia / fermata / arresto;Conducente;F;Illeso;0;;Non accertato;Inesploso
2787164;1;21/04/2016 09:30;Strada Urbana;VIALE PRETORIANO;in prossimità;;del palo luce n.;FR. 28;;Investimento di pedone;Rettilineo;Una carreggiata a doppio senso;Asciutto;Asfaltata;Verticale ed orizzontale;Sereno;Intenso;Buona;Ore Diurne;2;0;0;0;12,50812;41,90073;-1;;;;Pedone;F;Rimandato;0;NON DECEDUTO;;
2787164;1;21/04/2016 09:30;Strada Urbana;VIALE PRETORIANO;in prossimità;;del palo luce n.;FR. 28;;Investimento di pedone;Rettilineo;Una carreggiata a doppio senso;Asciutto;Asfaltata;Verticale ed orizzontale;Sereno;Intenso;Buona;Ore Diurne;2;0;0;0;12,50812;41,90073;-1;1;Motociclo a solo;In marcia / fermata / arresto;Conducente;M;Ricoverato;0;NON DECEDUTO;;
2787170;10;23/04/2016 20:30;Strada Urbana;VIA PIETRO MARCHISIO;in prossimità;;del civico n.;75;;Veicolo in marcia contro veicolo in sosta;Rettilineo;Una carreggiata a senso unico di marcia;Asciutto;Asfaltata;Verticale ed orizzontale;Nuvoloso;Scarso;Buona;Sufficiente;0;0;0;1;12,58888;41,85046;-1;2;Autovettura privata;In marcia / fermata / arresto;Conducente;M;Illeso;0;;Non accertato;Inesploso
2787178;1;21/04/2016 17:00;Strada Urbana;LUNGOTEVERE AVENTINO;in prossimità;;del palo luce n.;15;;Scontro laterale fra veicoli in marcia;Rettilineo;Una carreggiata a senso unico di marcia;Asciutto;Asfaltata;Verticale ed orizzontale;Sereno;Normale;Buona;Ore Diurne;0;0;0;4;12,47894;41,88549;-1;1;Autobus turistico;In marcia / fermata / arresto;Conducente;M;Illeso;0;;Non accertato;Inesploso
2787178;1;21/04/2016 17:00;Strada Urbana;LUNGOTEVERE AVENTINO;in prossimità;;del palo luce n.;15;;Scontro laterale fra veicoli in marcia;Rettilineo;Una carreggiata a senso unico di marcia;Asciutto;Asfaltata;Verticale ed orizzontale;Sereno;Normale;Buona;Ore Diurne;0;0;0;4;12,47894;41,88549;-1;2;Autovettura privata;In marcia / fermata / arresto;Conducente;F;Illeso;0;;Non accertato;Inesploso
2787178;1;21/04/2016 17:00;Strada Urbana;LUNGOTEVERE AVENTINO;in prossimità;;del palo luce n.;15;;Scontro laterale fra veicoli in marcia;Rettilineo;Una carreggiata a senso unico di marcia;Asciutto;Asfaltata;Verticale ed orizzontale;Sereno;Normale;Buona;Ore Diurne;0;0;0;4;12,47894;41,88549;-1;2;Autovettura privata;In marcia / fermata / arresto;Passeggero;F;Illeso;0;;Non accertato;Inesploso
2787178;1;21/04/2016 17:00;Strada Urbana;LUNGOTEVERE AVENTINO;in prossimità;;del palo luce n.;15;;Scontro laterale fra veicoli in marcia;Rettilineo;Una carreggiata a senso unico di marcia;Asciutto;Asfaltata;Verticale ed orizzontale;Sereno;Normale;Buona;Ore Diurne;0;0;0;4;12,47894;41,88549;-1;2;Autovettura privata;In marcia / fermata / arresto;Passeggero;F;Illeso;0;;Non accertato;Inesploso
2787179;23;22/04/2016 16:00;Strada Urbana;VIALE AVENTINO;all'intersezione con;VIA AVENTINA;VIA AVENTINA;;;Tamponamento;Intersezione stradale segnalata;Due carreggiate;Asciutto;In cubetti di porfido;Verticale ed orizzontale;Sereno;Scarso;Buona;Ore Diurne;2;0;0;1;12,48649;41,88204;-1;1;Autovettura privata;In marcia / fermata / arresto;Conducente;M;Rimandato;0;NON DECEDUTO;Utilizzato;Inesploso
2787179;23;22/04/2016 16:00;Strada Urbana;VIALE AVENTINO;all'intersezione con;VIA AVENTINA;VIA AVENTINA;;;Tamponamento;Intersezione stradale segnalata;Due carreggiate;Asciutto;In cubetti di porfido;Verticale ed orizzontale;Sereno;Scarso;Buona;Ore Diurne;2;0;0;1;12,48649;41,88204;-1;1;Autovettura privata;In marcia / fermata / arresto;Passeggero;F;Rimandato;0;NON DECEDUTO;Utilizzato;Inesploso
2787179;23;22/04/2016 16:00;Strada Urbana;VIALE AVENTINO;all'intersezione con;VIA AVENTINA;VIA AVENTINA;;;Tamponamento;Intersezione stradale segnalata;Due carreggiate;Asciutto;In cubetti di porfido;Verticale ed orizzontale;Sereno;Scarso;Buona;Ore Diurne;2;0;0;1;12,48649;41,88204;-1;2;Autovettura privata;In marcia / fermata / arresto;Conducente;M;Illeso;0;;Utilizzato;Inesploso
2787181;23;22/04/2016 16:45;Strada Urbana;VIA CRISTOFORO COLOMBO;in prossimità;;della chilometrica;23.7;;Tamponamento;Rettilineo;Più di due carreggiate;Asciutto;Asfaltata;Orizzontale;Sereno;Normale;Buona;Ore Diurne;1;0;0;2;12,42449;41,78815;-1;1;Autovettura privata;In marcia / fermata / arresto;Conducente;F;Rifiuta cure immediate;0;NON DECEDUTO;Utilizzato;Inesploso
2787181;23;22/04/2016 16:45;Strada Urbana;VIA CRISTOFORO COLOMBO;in prossimità;;della chilometrica;23.7;;Tamponamento;Rettilineo;Più di due carreggiate;Asciutto;Asfaltata;Orizzontale;Sereno;Normale;Buona;Ore Diurne;1;0;0;2;12,42449;41,78815;-1;2;Autovettura privata;In marcia / fermata / arresto;Conducente;F;Illeso;0;;Utilizzato;Inesploso
2787181;23;22/04/2016 16:45;Strada Urbana;VIA CRISTOFORO COLOMBO;in prossimità;;della chilometrica;23.7;;Tamponamento;Rettilineo;Più di due carreggiate;Asciutto;Asfaltata;Orizzontale;Sereno;Normale;Buona;Ore Diurne;1;0;0;2;12,42449;41,78815;-1;2;Autovettura privata;In marcia / fermata / arresto;Passeggero;F;Illeso;0;;Utilizzato;Inesploso
2787194;1;21/04/2016 15:10;Strada Urbana;VIALE AVENTINO;in corrispondenza;;del civico n.;92;;Tamponamento;Rettilineo;Una carreggiata a senso unico di marcia;Asciutto;In cubetti di porfido;Verticale ed orizzontale;Nuvoloso;Normale;Buona;Ore Diurne;1;0;0;1;12,48536;41,88175;-1;1;Autovettura privata;In marcia / fermata / arresto;Conducente;M;Illeso;0;;Non accertato;
2787194;1;21/04/2016 15:10;Strada Urbana;VIALE AVENTINO;in corrispondenza;;del civico n.;92;;Tamponamento;Rettilineo;Una carreggiata a senso unico di marcia;Asciutto;In cubetti di porfido;Verticale ed orizzontale;Nuvoloso;Normale;Buona;Ore Diurne;1;0;0;1;12,48536;41,88175;-1;2;Autovettura privata;In marcia / fermata / arresto;Conducente;F;Rimandato;0;NON DECEDUTO;Non accertato;Inesploso
2787211;1;21/04/2016 18:10;Strada Urbana;PIAZZA BENEDETTO CAIROLI;in prossimità;;del civico n.;FC4;;Veicolo in marcia contro veicoli in sosta;Rettilineo;Una carreggiata a senso unico di marcia;Asciutto;In cubetti di porfido;Verticale ed orizzontale;Sereno;Normale;Buona;Ore Diurne;1;0;0;2;12,49637;41,90278;-1;;;;Pedone;F;Rifiuta cure immediate;0;NON DECEDUTO;;
2787211;1;21/04/2016 18:10;Strada Urbana;PIAZZA BENEDETTO CAIROLI;in prossimità;;del civico n.;FC4;;Veicolo in marcia contro veicoli in sosta;Rettilineo;Una carreggiata a senso unico di marcia;Asciutto;In cubetti di porfido;Verticale ed orizzontale;Sereno;Normale;Buona;Ore Diurne;1;0;0;2;12,49637;41,90278;-1;3;Autovettura privata;In marcia / fermata / arresto;Conducente;M;Illeso;0;;Non accertato;Inesploso
2787211;1;21/04/2016 18:10;Strada Urbana;PIAZZA BENEDETTO CAIROLI;in prossimità;;del civico n.;FC4;;Veicolo in marcia contro veicoli in sosta;Rettilineo;Una carreggiata a senso unico di marcia;Asciutto;In cubetti di porfido;Verticale ed orizzontale;Sereno;Normale;Buona;Ore Diurne;1;0;0;2;12,49637;41,90278;-1;3;Autovettura privata;In marcia / fermata / arresto;Passeggero;F;Illeso;0;;Non accertato;Inesploso
2787219;10;24/04/2016 04:00;Strada Urbana;VIA DI CASAL MORENA;all'intersezione semaforizzata con;VIA ANAGNINA;VIA ANAGNINA;;;Tamponamento;Intersezione semaforizzata;Una carreggiata a doppio senso;Bagnato (pioggia);Asfaltata;Verticale ed orizzontale;Nuvoloso;Scarso;Sufficiente;Sufficiente;0;0;0;1;12,61858;41,81532;-1;2;Autovettura privata;In marcia / fermata / arresto;Conducente;M;Illeso;0;;Non accertato;Inesploso
2787324;8;23/04/2016 16:00;Statale entro l'abitato;VIA CASILINA;da specificare;;;;alt.za CC Superconti civ. 1674;Tamponamento Multiplo;Rettilineo;Una carreggiata a doppio senso;Bagnato (pioggia);Asfaltata;Orizzontale;Nuvoloso;Intenso;Sufficiente;Ore Diurne;0;0;0;4;12,64229;41,86354;-1;1;Autovettura privata;In marcia / fermata / arresto;Conducente;M;Illeso;0;;Non accertato;Inesploso
2787324;8;23/04/2016 16:00;Statale entro l'abitato;VIA CASILINA;da specificare;;;;alt.za CC Superconti civ. 1674;Tamponamento Multiplo;Rettilineo;Una carreggiata a doppio senso;Bagnato (pioggia);Asfaltata;Orizzontale;Nuvoloso;Intenso;Sufficiente;Ore Diurne;0;0;0;4;12,64229;41,86354;-1;2;Autovettura privata;In marcia / fermata / arresto;Conducente;M;Illeso;0;;Non accertato;Inesploso
2787324;8;23/04/2016 16:00;Statale entro l'abitato;VIA CASILINA;da specificare;;;;alt.za CC Superconti civ. 1674;Tamponamento Multiplo;Rettilineo;Una carreggiata a doppio senso;Bagnato (pioggia);Asfaltata;Orizzontale;Nuvoloso;Intenso;Sufficiente;Ore Diurne;0;0;0;4;12,64229;41,86354;-1;2;Autovettura privata;In marcia / fermata / arresto;Passeggero;M;Illeso;0;;Non accertato;Inesploso
2787324;8;23/04/2016 16:00;Statale entro l'abitato;VIA CASILINA;da specificare;;;;alt.za CC Superconti civ. 1674;Tamponamento Multiplo;Rettilineo;Una carreggiata a doppio senso;Bagnato (pioggia);Asfaltata;Orizzontale;Nuvoloso;Intenso;Sufficiente;Ore Diurne;0;0;0;4;12,64229;41,86354;-1;3;Autovettura privata;In marcia / fermata / arresto;Conducente;M;Illeso;0;;Non accertato;Inesploso
2787327;8;23/04/2016 19:00;Strada Urbana;VIA DI TORRENOVA;all'intersezione con;VIA ENDIMIONE;VIA ENDIMIONE;;;Scontro laterale fra veicoli in marcia;Incrocio;Una carreggiata a doppio senso;Bagnato (pioggia);Asfaltata;Verticale;Nuvoloso;Scarso;Sufficiente;Sufficiente;0;0;0;4;12,61919;41,87411;-1;1;Autovettura privata;In marcia / fermata / arresto;Conducente;M;Illeso;0;;Non accertato;Inesploso
2787327;8;23/04/2016 19:00;Strada Urbana;VIA DI TORRENOVA;all'intersezione con;VIA ENDIMIONE;VIA ENDIMIONE;;;Scontro laterale fra veicoli in marcia;Incrocio;Una carreggiata a doppio senso;Bagnato (pioggia);Asfaltata;Verticale;Nuvoloso;Scarso;Sufficiente;Sufficiente;0;0;0;4;12,61919;41,87411;-1;1;Autovettura privata;In marcia / fermata / arresto;Passeggero;F;Illeso;0;;Non accertato;Inesploso
2787327;8;23/04/2016 19:00;Strada Urbana;VIA DI TORRENOVA;all'intersezione con;VIA ENDIMIONE;VIA ENDIMIONE;;;Scontro laterale fra veicoli in marcia;Incrocio;Una carreggiata a doppio senso;Bagnato (pioggia);Asfaltata;Verticale;Nuvoloso;Scarso;Sufficiente;Sufficiente;0;0;0;4;12,61919;41,87411;-1;1;Autovettura privata;In marcia / fermata / arresto;Passeggero;M;Illeso;0;;Non accertato;Inesploso
2787327;8;23/04/2016 19:00;Strada Urbana;VIA DI TORRENOVA;all'intersezione con;VIA ENDIMIONE;VIA ENDIMIONE;;;Scontro laterale fra veicoli in marcia;Incrocio;Una carreggiata a doppio senso;Bagnato (pioggia);Asfaltata;Verticale;Nuvoloso;Scarso;Sufficiente;Sufficiente;0;0;0;4;12,61919;41,87411;-1;2;Autovettura privata;In marcia / fermata / arresto;Conducente;M;Illeso;0;;Non accertato;Inesploso
2787328;9;23/04/2016 11:00;Strada Urbana;VIA TUSCOLANA;da specificare;;;;fronte VIA ROCCA DI PAPA;Scontro frontale/laterale SX fra veicoli in marcia;Rettilineo;Due carreggiate;Asciutto;Asfaltata;Assente;Sereno;Normale;Buona;Ore Diurne;1;0;0;1;12,53597;41,87022;-1;1;Autovettura privata;In marcia / fermata / arresto;Conducente;M;Illeso;0;;Non accertato;Inesploso
2787328;9;23/04/2016 11:00;Strada Urbana;VIA TUSCOLANA;da specificare;;;;fronte VIA ROCCA DI PAPA;Scontro frontale/laterale SX fra veicoli in marcia;Rettilineo;Due carreggiate;Asciutto;Asfaltata;Assente;Sereno;Normale;Buona;Ore Diurne;1;0;0;1;12,53597;41,87022;-1;2;Motociclo a solo;In marcia / fermata / arresto;Conducente;M;Rimandato;0;NON DECEDUTO;Non accertato;
2787341;8;23/04/2016 19:00;Strada Urbana;VIA CASILINA;in corrispondenza;;del civico n.;1835E;;Tamponamento;Rettilineo;Una carreggiata a doppio senso;Bagnato (pioggia);Asfaltata;Verticale ed orizzontale;Nuvoloso;Intenso;Buona;Ore Diurne;0;0;0;3;12,6856;41,86266;-1;1;Autovettura privata;In marcia / fermata / arresto;Conducente;M;Illeso;0;;Non accertato;Inesploso
2787341;8;23/04/2016 19:00;Strada Urbana;VIA CASILINA;in corrispondenza;;del civico n.;1835E;;Tamponamento;Rettilineo;Una carreggiata a doppio senso;Bagnato (pioggia);Asfaltata;Verticale ed orizzontale;Nuvoloso;Intenso;Buona;Ore Diurne;0;0;0;3;12,6856;41,86266;-1;1;Autovettura privata;In marcia / fermata / arresto;Passeggero;F;Illeso;0;;Non accertato;Inesploso
2787341;8;23/04/2016 19:00;Strada Urbana;VIA CASILINA;in corrispondenza;;del civico n.;1835E;;Tamponamento;Rettilineo;Una carreggiata a doppio senso;Bagnato (pioggia);Asfaltata;Verticale ed orizzontale;Nuvoloso;Intenso;Buona;Ore Diurne;0;0;0;3;12,6856;41,86266;-1;2;Motociclo a solo;In marcia / fermata / arresto;Conducente;M;Illeso;0;;Non accertato;
2787344;9;23/04/2016 11:40;Strada Urbana;VIA MONZA;all'intersezione con;VIA LA SPEZIA;VIA LA SPEZIA;;;Scontro laterale fra veicoli in marcia;Incrocio;Una carreggiata a doppio senso;Asciutto;Asfaltata;Verticale ed orizzontale;Nuvoloso;Normale;Sufficiente;Ore Diurne;0;0;0;3;12,51533;41,88633;-1;1;Autovettura privata;In marcia / fermata / arresto;Conducente;F;Illeso;0;;Utilizzato;
2787344;9;23/04/2016 11:40;Strada Urbana;VIA MONZA;all'intersezione con;VIA LA SPEZIA;VIA LA SPEZIA;;;Scontro laterale fra veicoli in marcia;Incrocio;Una carreggiata a doppio senso;Asciutto;Asfaltata;Verticale ed orizzontale;Nuvoloso;Normale;Sufficiente;Ore Diurne;0;0;0;3;12,51533;41,88633;-1;1;Autovettura privata;In marcia / fermata / arresto;Passeggero;F;Illeso;0;;Utilizzato;
2787344;9;23/04/2016 11:40;Strada Urbana;VIA MONZA;all'intersezione con;VIA LA SPEZIA;VIA LA SPEZIA;;;Scontro laterale fra veicoli in marcia;Incrocio;Una carreggiata a doppio senso;Asciutto;Asfaltata;Verticale ed orizzontale;Nuvoloso;Normale;Sufficiente;Ore Diurne;0;0;0;3;12,51533;41,88633;-1;2;Autovettura privata;In marcia / fermata / arresto;Conducente;F;Illeso;0;;Utilizzato;
2787364;9;23/04/2016 14:15;Strada Urbana;VIA APPIA NUOVA;in corrispondenza;;del civico n.;439;;Scontro laterale fra veicoli in marcia;Rettilineo;Due carreggiate;Asciutto;Asfaltata;Orizzontale;Nuvoloso;Normale;Sufficiente;Ore Diurne;0;0;0;2;12,52475;41,87359;-1;1;Motociclo a solo;In marcia / fermata / arresto;Conducente;M;Illeso;0;;Non accertato;
2787364;9;23/04/2016 14:15;Strada Urbana;VIA APPIA NUOVA;in corrispondenza;;del civico n.;439;;Scontro laterale fra veicoli in marcia;Rettilineo;Due carreggiate;Asciutto;Asfaltata;Orizzontale;Nuvoloso;Normale;Sufficiente;Ore Diurne;0;0;0;2;12,52475;41,87359;-1;2;Autovettura privata;In marcia / fermata / arresto;Conducente;F;Illeso;0;;Non accertato;Inesploso
2787379;12;22/04/2016 22:20;Strada Urbana;VIA CRISTOFORO COLOMBO;all'intersezione semaforizzata con;VIALE DELL'UMANESIMO;VIALE DELL'UMANESIMO;;;Scontro laterale fra veicoli in marcia;Incrocio;Una carreggiata a senso unico di marcia;Asciutto;Asfaltata;Verticale ed orizzontale;Nuvoloso;Scarso;Insufficiente;Insufficiente;0;0;0;2;12,46762;41,82376;-1;1;Autovettura privata;In marcia / fermata / arresto;Conducente;F;Illeso;0;;Non accertato;Inesploso